,h,fh,h1,fh1,k,fk
1,28.8,0.5,7.6,0.5,1.358490566,0.179196424
2,36,0.5,8.2,0.5,1.294964029,0.152705154
3,40.9,0.5,8.2,0.5,1.250764526,0.138345733
4,42.6,0.5,9.5,0.5,1.287009063,0.139499179
5,52.8,0.5,10.7,0.5,1.25415677,0.122082287
6,62.5,0.5,14.8,0.5,1.310272537,0.117239459
7,34,0.5,12.7,0.5,1.596244131,0.194078379
8,61.1,0.5,14.4,0.5,1.308351178,0.118401613
9,65.9,0.5,15.2,0.5,1.299802761,0.113257712
10,24.6,0.5,5.4,0.5,1.28125,0.182810092
Einheiten,mm,mm,mm,mm,,
