,h,fh,h1,fh1,k,fk
1,41,0.5,7,0.5,1.205882353,0.133201843
2,44,0.5,9,0.5,1.257142857,0.134062217
3,47,0.5,10.2,0.5,1.277173913,0.131784251
4,55,0.5,11.7,0.5,1.270207852,0.121149753
5,60.7,0.5,12.1,0.5,1.248971193,0.113384562
6,69.3,0.5,14.3,0.5,1.26,0.107052007
7,58.5,0.5,12.2,0.5,1.26349892,0.116845171
8,62.8,0.5,12.8,0.5,1.256,0.11210064
9,32.7,0.5,6.6,0.5,1.252873563,0.154999602
10,32,0.5,6.5,0.5,1.254901961,0.156942351
Einheten,mm,mm,mm,mm,,
